prompt_id,family,source,legacy_idx,text
walk_open,story,run_6 (results/prompts.csv),0,"You will be reading a story. You will be asked a question following the story.
Anna Thompson is from Chicago. She has been living in the city for two years. For the past year, Anna has been working in a department store. One day, Anna woke up early. It was a beautiful day, so she decided to go for a walk before work. After taking a quick shower, Anna went outside. When she walked out her door, Anna saw her neighbor leaving for work. Anna stopped and said hello to her neighbor. Anna then left for her walk. Anna was hungry, so she stopped at a bakery and bought some rolls. While she was walking, Anna saw a big crowd gathered around a store. When she got closer to the people, Anna saw two clowns in the middle of the crowd. The clowns were juggling balls and doing tricks. Anna stopped to watch the clowns. The people in the crowd were laughing and smiling. They seemed to be enjoying the clowns' performance. Anna saw a sign that said a circus was coming to town. The clowns were from the circus. Finally, Anna decided she should walk home. Anna thought it would be fun to see the circus. It took about ten minutes for Anna to walk home. On the way home, Anna stopped and picked up a newspaper. As she walked into the house, Anna decided that taking a walk before work was a good idea.
Please tell me something about this story."
walk_closed1,story,run_6 (results/prompts.csv),1,"You will be reading a story. You will be asked a question following the story.
Anna Thompson is from Chicago. She has been living in the city for two years. For the past year, Anna has been working in a department store. One day, Anna woke up early. It was a beautiful day, so she decided to go for a walk before work. After taking a quick shower, Anna went outside. When she walked out her door, Anna saw her neighbor leaving for work. Anna stopped and said hello to her neighbor. Anna then left for her walk. Anna was hungry, so she stopped at a bakery and bought some rolls. While she was walking, Anna saw a big crowd gathered around a store. When she got closer to the people, Anna saw two clowns in the middle of the crowd. The clowns were juggling balls and doing tricks. Anna stopped to watch the clowns. The people in the crowd were laughing and smiling. They seemed to be enjoying the clowns' performance. Anna saw a sign that said a circus was coming to town. The clowns were from the circus. Finally, Anna decided she should walk home. Anna thought it would be fun to see the circus. It took about ten minutes for Anna to walk home. On the way home, Anna stopped and picked up a newspaper. As she walked into the house, Anna decided that taking a walk before work was a good idea.
What did Anna do on her walk before work?"
walk_closed2,story,run_6 (results/prompts.csv),2,"You will be reading a story. You will be asked a question following the story.
Anna Thompson is from Chicago. She has been living in the city for two years. For the past year, Anna has been working in a department store. One day, Anna woke up early. It was a beautiful day, so she decided to go for a walk before work. After taking a quick shower, Anna went outside. When she walked out her door, Anna saw her neighbor leaving for work. Anna stopped and said hello to her neighbor. Anna then left for her walk. Anna was hungry, so she stopped at a bakery and bought some rolls. While she was walking, Anna saw a big crowd gathered around a store. When she got closer to the people, Anna saw two clowns in the middle of the crowd. The clowns were juggling balls and doing tricks. Anna stopped to watch the clowns. The people in the crowd were laughing and smiling. They seemed to be enjoying the clowns' performance. Anna saw a sign that said a circus was coming to town. The clowns were from the circus. Finally, Anna decided she should walk home. Anna thought it would be fun to see the circus. It took about ten minutes for Anna to walk home. On the way home, Anna stopped and picked up a newspaper. As she walked into the house, Anna decided that taking a walk before work was a good idea.
In your opinion, what kind of person is Anna?"
card_open,story,run_6 (results/prompts.csv),3,"You will be reading a story. You will be asked a question following the story.
The Diamond Club is a card club. Every week the Diamond Club gets together and plays cards. The Diamond Club started two years ago. The members have been meeting every week since the club started. There are five people in the Diamond Club right now. Each week the club meets at a different member's house. This week the Diamond Club is meeting at Sally's house. Sally started the Diamond Club. She has always loved to play cards. The members of the club arrived at Sally's house around six o'clock. Everyone was happy to see each other. Sally asked if anyone was thirsty. Everyone in the club was thirsty, so Sally made some lemonade. Sally made enough lemonade to last all night. She knew her friends would want more lemonade later. It was a little crowded at Sally's house. She did not have enough chairs for everyone to sit on. The members of the club did not mind. They decided to just sit on the floor. For a while everyone sat and talked and drank lemonade. After a while, Sally suggested that they have dinner. It was getting late, so everyone agreed. Sally had made dinner. She knew everyone in the club liked Mexican food, so she had made tacos and nachos. Sally made a lot of food because she knew that everyone would be hungry. Since there were not enough chairs, the club decided to have a picnic dinner. They spread out a blanket on the floor and ate dinner sitting on the floor. The dinner was very good. Everyone kept telling Sally what a good cook she was. In fact, the food was so good that the Diamond Club ate all of it. Everyone helped clean up after dinner. After they finished the dishes, everyone sat down again. It was time to start playing cards. After talking about it for a while, they decided to play hearts. This was everyone's favorite card game. Sally dealt the cards and everyone started to play. All the club members were good at playing cards, so the game was pretty exciting. A different person won each hand. However, it did not matter who won. The members of the Diamond Club just liked to have fun playing. After they had played hearts for a while, they decided to try a different game. Sally suggested a new game called spades. She offered to teach the club how to play spades. Everyone in the club thought this was a great idea. They always liked to learn new card games. It did not take long for the card club to learn how to play spades. It was a fairly easy game. Sally was also a good teacher. Everyone liked playing spades. They thought it was a fun game to play. After a few hands, some of the members started to yawn. It was getting late and everyone was getting tired. They decided it was time for everyone to go home. As everyone was leaving, they thanked Sally for another fun meeting of the Diamond Club.
Please tell me something about this story."
card_closed1,story,run_6 (results/prompts.csv),4,"You will be reading a story. You will be asked a question following the story.
The Diamond Club is a card club. Every week the Diamond Club gets together and plays cards. The Diamond Club started two years ago. The members have been meeting every week since the club started. There are five people in the Diamond Club right now. Each week the club meets at a different member's house. This week the Diamond Club is meeting at Sally's house. Sally started the Diamond Club. She has always loved to play cards. The members of the club arrived at Sally's house around six o'clock. Everyone was happy to see each other. Sally asked if anyone was thirsty. Everyone in the club was thirsty, so Sally made some lemonade. Sally made enough lemonade to last all night. She knew her friends would want more lemonade later. It was a little crowded at Sally's house. She did not have enough chairs for everyone to sit on. The members of the club did not mind. They decided to just sit on the floor. For a while everyone sat and talked and drank lemonade. After a while, Sally suggested that they have dinner. It was getting late, so everyone agreed. Sally had made dinner. She knew everyone in the club liked Mexican food, so she had made tacos and nachos. Sally made a lot of food because she knew that everyone would be hungry. Since there were not enough chairs, the club decided to have a picnic dinner. They spread out a blanket on the floor and ate dinner sitting on the floor. The dinner was very good. Everyone kept telling Sally what a good cook she was. In fact, the food was so good that the Diamond Club ate all of it. Everyone helped clean up after dinner. After they finished the dishes, everyone sat down again. It was time to start playing cards. After talking about it for a while, they decided to play hearts. This was everyone's favorite card game. Sally dealt the cards and everyone started to play. All the club members were good at playing cards, so the game was pretty exciting. A different person won each hand. However, it did not matter who won. The members of the Diamond Club just liked to have fun playing. After they had played hearts for a while, they decided to try a different game. Sally suggested a new game called spades. She offered to teach the club how to play spades. Everyone in the club thought this was a great idea. They always liked to learn new card games. It did not take long for the card club to learn how to play spades. It was a fairly easy game. Sally was also a good teacher. Everyone liked playing spades. They thought it was a fun game to play. After a few hands, some of the members started to yawn. It was getting late and everyone was getting tired. They decided it was time for everyone to go home. As everyone was leaving, they thanked Sally for another fun meeting of the Diamond Club.
What did the card club do during its meeting?"
card_closed2,story,run_6 (results/prompts.csv),5,"You will be reading a story. You will be asked a question following the story.
The Diamond Club is a card club. Every week the Diamond Club gets together and plays cards. The Diamond Club started two years ago. The members have been meeting every week since the club started. There are five people in the Diamond Club right now. Each week the club meets at a different member's house. This week the Diamond Club is meeting at Sally's house. Sally started the Diamond Club. She has always loved to play cards. The members of the club arrived at Sally's house around six o'clock. Everyone was happy to see each other. Sally asked if anyone was thirsty. Everyone in the club was thirsty, so Sally made some lemonade. Sally made enough lemonade to last all night. She knew her friends would want more lemonade later. It was a little crowded at Sally's house. She did not have enough chairs for everyone to sit on. The members of the club did not mind. They decided to just sit on the floor. For a while everyone sat and talked and drank lemonade. After a while, Sally suggested that they have dinner. It was getting late, so everyone agreed. Sally had made dinner. She knew everyone in the club liked Mexican food, so she had made tacos and nachos. Sally made a lot of food because she knew that everyone would be hungry. Since there were not enough chairs, the club decided to have a picnic dinner. They spread out a blanket on the floor and ate dinner sitting on the floor. The dinner was very good. Everyone kept telling Sally what a good cook she was. In fact, the food was so good that the Diamond Club ate all of it. Everyone helped clean up after dinner. After they finished the dishes, everyone sat down again. It was time to start playing cards. After talking about it for a while, they decided to play hearts. This was everyone's favorite card game. Sally dealt the cards and everyone started to play. All the club members were good at playing cards, so the game was pretty exciting. A different person won each hand. However, it did not matter who won. The members of the Diamond Club just liked to have fun playing. After they had played hearts for a while, they decided to try a different game. Sally suggested a new game called spades. She offered to teach the club how to play spades. Everyone in the club thought this was a great idea. They always liked to learn new card games. It did not take long for the card club to learn how to play spades. It was a fairly easy game. Sally was also a good teacher. Everyone liked playing spades. They thought it was a fun game to play. After a few hands, some of the members started to yawn. It was getting late and everyone was getting tired. They decided it was time for everyone to go home. As everyone was leaving, they thanked Sally for another fun meeting of the Diamond Club.
In your opinion, what kind of person would like to join this club?"
bird,story,run_6 (results/prompts.csv),6,"You will be reading a story. You will be asked a question following the reading.
It was a hot day. A thirsty bird was looking for water for a long time. She was very tired and was about to faint.Suddenly, she spotted a pitcher of water under a bench in the park. She flew down and sat on the pitcher. She could see some water inside, but it was too deep for her to reach. Her beak was not long enough to drink the water.She looked around and found some pebbles. This gave her an idea. She picked up the pebbles one by one and dropped them into the pitcher. Soon, the water level [sic] raised. She was now able to reach and drink it. The bird flew away happily.
Retell me the story in your own words"
farm,scene,8_sweep.py PROMPTS,0,"I am going to provide a scene. I want you to describe what is happening.
This is a farm scene. There is a muscular man plowing with a team. In the foreground, there are two women. One appears to be pregnant. The other appears to be younger and has some books on her arm. The women are not looking at each other.
"
doorway,scene,8_sweep.py PROMPTS,1,"I am going to provide a scene. I want you to describe what is happening.
A couple is standing in a doorway. The man appears to be leaving; the woman, to be pleading with him. There is a poster with a semi-nude figure on it on the wall beside the door.
Please tell me something about this scene."
bridge,scene,8_sweep.py PROMPTS,2,"I am going to provide a scene. I want you to describe what is happening.
A woman is leaning over a bridge railing. In the background, there are some buildings, and some men can be seen as they load a boat.
Please tell me something about this story."
