variable,question,instrument,in_default_set
tangential,"Rate the following response on how much it fails to provide the information requested, but does not qualify as a non sequitur, on a scale of 0 to 10, with 0 being not tangential at all and 10 being extremely tangential. Please make sure you don't print out any letters. Just the number.",crude,True
loss_goal,"Rate the following response on how much it shows a pattern of speech in which the speaker’s line of thought shifts away from the original goal to one or more mildly or obliquely related ideas or thoughts on a scale of 0 to 10, with 0 being not shifted away at all and 10 being extremely shifted away. Please make sure you don't print out any letters. Just the number.",crude,True
derail,"Rate the following response on how much it includes a thought or idea that is immediately followed by a completely unrelated thought or idea on a scale of 0 to 10, with 0 being not derailed at all and 10 being extremely derailed. Please make sure you don't print out any letters. Just the number.",crude,True
non_sequitur,"Rate the following response on how much it is completely unrelated to the question on a scale of 0 to 10, with 0 being completely related and 10 being extremely unrelated. Please make sure you don't print out any letters. Just the number.",crude,True
distractable,"Rate the following response how much it contains an abrupt change in the subject of conversation in response to the prompt on a scale of 0 to 10, with 0 being not distractible at all and 10 being extremely distractable. Please make sure you don't print out any letters. Just the number.",crude,True
refusal,"Rate the following response how much it deliberately resists answering the prompt on a scale of 0 to 10, with 0 being not resistant at all and 10 being extremely resistant. Please make sure you don't print out any letters. Just the number.",crude,False
grammar,"Rate the following response on how much it is grammatically correct on a scale of 0 to 10, with 0 not grammatically correct at all and 10 being perfectly grammatically correct. Please make sure you don't print out any letters. Just the number.",crude,False
syntax,"Rate the following response on how much it is syntactically correct on a scale of 0 to 10, with 0 being not syntactically correct at all, 10 being perfectly syntactically correct. Please make sure you don't print out any letters. Just the number.",crude,False
confab_prmt_wrd,"Consider what is implied to be true given how the response was prompted IN ADDITION TO what you consider to be true of the world in general. Rate the following response on the degree to which it confabulates information that goes beyond BOTH the prompt and what you know about the world. If the response uses something not inferrable from the prompt, but still true of the world, it would not count as a confabulation here. Use a scale of 0 to 10, with 0 being not confabulatory at all, 10 being total confabulation. Please make sure you don't print out any letters. Just the number.",crude,False
confab_prmt,"Consider what is implied to be true given how the response was prompted. Rate the following response on the degree to which it confabulates information with respect to the prompt on a scale of 0 to 10, with 0 being not confabulatory at all and 10 being total confabulation. Please make sure you don't print out any letters. Just the number.",crude,False
ftd,"Rate the following response on the degree to which it SPECIFICALLY resembles a clinical presentation of formal thought disorder. In particular, rate its resemblance to positive formal thought disorder Ð as opposed to confabulation or something resembling a broken large language model. Use a scale of 0 to 10, with 0 being not like formal thought at all and 10 being exactly like formal thought disorder. Make sure you don't print any letters. Just the number.",crude,False
